{"cameraMode":{"drawMode":0,"name":"Shaded","section":"Shading Mode"},"sceneLighting":false,"audioPlay":false,"sceneViewState":{"m_AlwaysRefresh":false,"showFog":true,"showSkybox":false,"showFlares":true,"showImageEffects":true,"showParticleSystems":true,"showVisualEffectGraphs":true,"m_FxEnabled":true},"in2DMode":false,"pivot":{"x":0.6376569271087647,"y":2.2864999771118166,"z":0.21283987164497376},"rotation":{"x":-0.3217242360115051,"y":0.6686474084854126,"z":-0.3997269868850708,"w":-0.5381704568862915},"size":0.6364157199859619,"orthographic":false}